Place,Year,Occurrences
אבו גוש,0,1
אבו גוש,2009,2
אבו גוש,2014,1
אדום,0,9
אדום,1958,3
אדום,1969,1
אדום,1977,1
אדום,1981,1
אדום,1985,1
אדום,1990,1
אדום,1993,1
אדום,1994,3
אדום,1998,1
אדום,1999,1
אדום,2000,1
אדום,2006,1
אדום,2007,3
אדום,2008,1
אדום,2012,1
אדום,2015,2
אוגנדה,0,5
אוגנדה,1973,1
אוגנדה,1975,2
אוגנדה,2002,3
אוגנדה,2010,1
אוגנדה,2015,1
אודסה,2013,1
אוהיו,0,5
אוהיו,1989,1
אוהיו,1992,1
אוהיו,2004,2
אוזבקיסטן,0,1
אוסטרליה,0,14
אוסטרליה,1950,1
אוסטרליה,1965,1
אוסטרליה,1969,3
אוסטרליה,1971,1
אוסטרליה,1976,1
אוסטרליה,1988,2
אוסטרליה,1990,2
אוסטרליה,1991,1
אוסטרליה,1996,1
אוסטרליה,1999,1
אוסטרליה,2000,2
אוסטרליה,2001,2
אוסטרליה,2003,1
אוסטרליה,2009,1
אוסטרליה,2010,2
אוסטרליה,2011,1
אוסטרליה,2012,1
אוסלו,0,3
אוסלו,2005,1
אוסלו,2011,1
אוקלהומה,2015,1
אוקראינה,0,2
אוקראינה,1966,1
אוקראינה,1986,2
אוקראינה,1994,1
אוקראינה,2007,1
אור יהודה,2015,2
אור עקיבא,1992,1
אור עקיבא,1999,1
אורוגוואי,0,2
אורוגוואי,1991,1
אורוגוואי,1999,1
אושוויץ,0,1
אושוויץ,2003,1
אטאלנטה,0,1
אטאלנטה,2017,1
איטליה,0,17
איטליה,1968,1
איטליה,1975,1
איטליה,1992,2
איטליה,2000,1
איטליה,2002,1
איטליה,2011,2
איטליה,2012,2
איטליה,2014,1
איטליה,2015,1
איידהו,0,3
איידהו,2008,1
אילינוי,0,3
אילת,0,95
אילת,1949,1
אילת,1950,8
אילת,1952,1
אילת,1953,1
אילת,1954,1
אילת,1955,2
אילת,1956,5
אילת,1957,5
אילת,1958,4
אילת,1959,2
אילת,1960,4
אילת,1961,2
אילת,1962,1
אילת,1963,3
אילת,1965,5
אילת,1967,6
אילת,1968,4
אילת,1969,1
אילת,1970,1
אילת,1971,2
אילת,1972,5
אילת,1973,1
אילת,1974,1
אילת,1975,4
אילת,1976,2
אילת,1977,1
אילת,1978,4
אילת,1981,1
אילת,1982,3
אילת,1984,2
אילת,1985,2
אילת,1986,1
אילת,1987,1
אילת,1990,2
אילת,1991,3
אילת,1992,4
אילת,1994,1
אילת,1995,1
אילת,1996,5
אילת,1998,2
אילת,1999,4
אילת,2000,7
אילת,2001,2
אילת,2002,2
אילת,2004,3
אילת,2005,3
אילת,2006,2
אילת,2007,3
אילת,2008,2
אילת,2009,2
אילת,2010,6
אילת,2011,1
אילת,2014,3
אילת,2015,9
אילת,2016,8
אילת,2017,4
אילת,2018,1
אילת,2019,1
אינדונזיה,1950,1
אינדונזיה,1965,1
אינדונזיה,1969,1
אינדונזיה,1971,1
אינדונזיה,2015,2
אינדיאנה,0,1
אינדיאנה,2017,1
איסטנבול,0,13
איסטנבול,1958,2
איסטנבול,1961,1
איסטנבול,1968,1
איסטנבול,1973,1
איסטנבול,1985,2
איסטנבול,1991,1
איסטנבול,1992,2
איסטנבול,1995,1
איסטנבול,1997,1
איסטנבול,2003,2
איסטנבול,2004,1
איסטנבול,2007,1
איסטנבול,2013,1
איסטנבול,2014,1
איסטנבול,2015,1
איסטנבול,2033,1
איסלנד,0,1
איסלנד,2006,2
איסלנד,2007,1
איסלנד,2013,1
איראן,0,17
איראן,1950,1
איראן,1969,1
איראן,1971,1
איראן,1995,2
איראן,1998,2
איראן,2008,2
איראן,2010,1
איראן,2013,1
איראן,2015,3
אירופה,0,54
אירופה,1970,1
אירופה,1973,1
אירופה,1980,2
אירופה,1984,1
אירופה,1985,2
אירופה,1986,1
אירופה,1987,1
אירופה,1990,2
אירופה,1991,2
אירופה,1994,3
אירופה,1995,6
אירופה,1997,1
אירופה,1998,1
אירופה,1999,1
אירופה,2000,3
אירופה,2001,1
אירופה,2002,1
אירופה,2003,1
אירופה,2006,2
אירופה,2007,1
אירופה,2008,5
אירופה,2009,2
אירופה,2010,1
אירופה,2013,1
אירופה,2014,2
אירופה,2015,4
אירופה,2016,3
אירופה,2017,1
אירופה,2018,3
אירלנד,0,5
אירלנד,1972,1
אירלנד,1973,1
אירן,2008,1
אירן,2013,1
אלבניה,1993,1
אלבניה,1997,2
אלכסנדריה,0,2
אלסקה,0,4
אלסקה,1990,2
אלסקה,2013,1
אלסקה,2018,2
אלפים,0,4
אלפים,1976,1
אמסטרדם,0,32
אמסטרדם,1958,2
אמסטרדם,1961,1
אמסטרדם,1964,1
אמסטרדם,1965,1
אמסטרדם,1971,3
אמסטרדם,1972,1
אמסטרדם,1975,1
אמסטרדם,1981,5
אמסטרדם,1985,3
אמסטרדם,1987,3
אמסטרדם,1990,2
אמסטרדם,1993,2
אמסטרדם,1995,5
אמסטרדם,1997,1
אמסטרדם,1998,3
אמסטרדם,1999,1
אמסטרדם,2000,5
אמסטרדם,2003,3
אמסטרדם,2004,1
אמסטרדם,2006,4
אמסטרדם,2007,1
אמסטרדם,2008,2
אמסטרדם,2012,1
אמסטרדם,2013,1
אמסטרדם,2014,2
אמסטרדם,2015,4
אמסטרדם,2017,2
אמסטרדם,2018,1
אמריקה,0,54
אמריקה,1950,1
אמריקה,1957,1
אמריקה,1966,1
אמריקה,1969,3
אמריקה,1970,3
אמריקה,1971,1
אמריקה,1972,1
אמריקה,1974,1
אמריקה,1979,1
אמריקה,1980,3
אמריקה,1982,1
אמריקה,1983,2
אמריקה,1984,1
אמריקה,1986,2
אמריקה,1987,1
אמריקה,1988,6
אמריקה,1990,1
אמריקה,1993,1
אמריקה,1994,2
אמריקה,1995,1
אמריקה,1996,2
אמריקה,1998,1
אמריקה,2000,3
אמריקה,2001,1
אמריקה,2002,1
אמריקה,2003,1
אמריקה,2005,4
אמריקה,2006,3
אמריקה,2008,1
אמריקה,2009,2
אמריקה,2010,2
אמריקה,2011,1
אמריקה,2012,1
אמריקה,2013,2
אמריקה,2014,1
אמריקה,2015,6
אמריקה,2016,1
אמריקה,2017,4
אמריקה,2018,1
אמריקה,2019,1
אנגליה,0,1
אסיה,0,10
אסיה,1969,2
אסיה,1970,1
אסיה,1985,2
אסיה,1987,1
אסיה,1997,1
אסיה,2007,1
אסיה,2012,1
אסיה,2015,1
אסיה,2016,1
אפגניסטן,0,5
אפגניסטן,2015,1
אפגניסטן,2016,1
אפריקה,0,28
אפריקה,1974,2
אפריקה,1975,4
אפריקה,1978,1
אפריקה,1979,1
אפריקה,1980,2
אפריקה,1985,2
אפריקה,1986,2
אפריקה,1989,4
אפריקה,1990,5
אפריקה,1993,1
אפריקה,1995,3
אפריקה,1997,1
אפריקה,2001,1
אפריקה,2003,1
אפריקה,2006,1
אפריקה,2007,5
אפריקה,2010,2
אפריקה,2011,1
אפריקה,2012,1
אפריקה,2013,1
אפריקה,2015,2
אפריקה,2017,1
אפריקה,2018,1
אקוודור,0,1
אקוודור,1999,1
ארגנטינה,0,18
ארגנטינה,1972,1
ארגנטינה,1975,1
ארגנטינה,1990,1
ארגנטינה,1992,1
ארגנטינה,1995,2
ארגנטינה,1999,2
ארגנטינה,2002,1
ארגנטינה,2006,1
ארגנטינה,2010,1
ארגנטינה,2012,1
ארגנטינה,2013,1
ארגנטינה,2018,1
"ארה""ב",0,2
"ארה""ב",1968,1
"ארה""ב",1980,1
"ארה""ב",2005,1
"ארה""ב",2013,1
ארובה,0,2
אריזונה,0,2
אריזונה,2011,1
אריזונה,2012,1
ארמניה,1969,2
ארץ ישראל,0,98
ארץ ישראל,1934,2
ארץ ישראל,1948,3
ארץ ישראל,1950,1
ארץ ישראל,1955,2
ארץ ישראל,1958,2
ארץ ישראל,1960,1
ארץ ישראל,1963,2
ארץ ישראל,1964,1
ארץ ישראל,1965,3
ארץ ישראל,1966,3
ארץ ישראל,1967,2
ארץ ישראל,1968,4
ארץ ישראל,1969,1
ארץ ישראל,1970,3
ארץ ישראל,1971,2
ארץ ישראל,1972,4
ארץ ישראל,1973,4
ארץ ישראל,1974,2
ארץ ישראל,1975,1
ארץ ישראל,1976,7
ארץ ישראל,1977,1
ארץ ישראל,1979,3
ארץ ישראל,1980,1
ארץ ישראל,1981,6
ארץ ישראל,1982,3
ארץ ישראל,1983,5
ארץ ישראל,1984,2
ארץ ישראל,1985,7
ארץ ישראל,1986,1
ארץ ישראל,1987,3
ארץ ישראל,1988,8
ארץ ישראל,1990,3
ארץ ישראל,1991,2
ארץ ישראל,1992,2
ארץ ישראל,1993,1
ארץ ישראל,1994,1
ארץ ישראל,1995,1
ארץ ישראל,1996,3
ארץ ישראל,1997,2
ארץ ישראל,1998,4
ארץ ישראל,2000,14
ארץ ישראל,2001,1
ארץ ישראל,2003,1
ארץ ישראל,2004,6
ארץ ישראל,2005,1
ארץ ישראל,2006,1
ארץ ישראל,2007,5
ארץ ישראל,2008,3
ארץ ישראל,2009,1
ארץ ישראל,2010,4
ארץ ישראל,2011,2
ארץ ישראל,2012,1
ארץ ישראל,2013,1
ארץ ישראל,2014,2
ארץ ישראל,2015,5
ארץ ישראל,2016,2
ארץ ישראל,2017,4
ארץ ישראל,2018,2
ארקנסו,0,2
אררט,0,1
אררט,1959,1
אררט,1974,2
אררט,1975,1
אררט,1978,1
אררט,2015,1
אשדוד,0,20
אשדוד,1959,1
אשדוד,1968,1
אשדוד,1971,1
אשדוד,1981,2
אשדוד,1983,1
אשדוד,1986,1
אשדוד,1993,1
אשדוד,1995,1
אשדוד,2004,1
אשדוד,2005,2
אשדוד,2006,3
אשדוד,2007,1
אשדוד,2011,1
אשדוד,2014,1
אשדוד,2015,1
אשכול,0,3
אשכול,1998,1
אשכול,2004,1
אשקלון,0,5
אשקלון,1956,3
אשקלון,1965,2
אשקלון,1968,1
אשקלון,1975,1
אשקלון,1984,1
אשקלון,1989,1
אשקלון,1998,1
אשקלון,2000,1
אשקלון,2008,1
אשקלון,2010,1
אשקלון,2012,1
אשקלון,2014,1
אשקלון,2017,1
אתונה,0,4
אתונה,1987,2
אתונה,1990,1
אתונה,1993,1
אתונה,1996,2
אתונה,1998,1
אתונה,1999,2
אתונה,2008,1
אתונה,2010,1
אתונה,2011,1
אתונה,2015,1
אתיופיה,0,8
אתיופיה,1987,2
אתיופיה,1991,1
אתיופיה,1999,2
אתיופיה,2003,1
אתיופיה,2010,1
אתיופיה,2015,2
אתיופיה,2018,1
באזל,0,2
באקו,0,1
באר יעקב,1973,3
באר שבע,0,6
באר שבע,1966,1
באר שבע,1986,2
באר שבע,1992,1
באר שבע,2004,2
באר שבע,2010,1
באר שבע,2015,1
באר שבע,2017,1
בבל,0,29
בבל,1949,1
בבל,1959,1
בבל,1963,1
בבל,1967,1
בבל,1968,1
בבל,1971,1
בבל,1972,1
בבל,1973,1
בבל,1974,1
בבל,1977,1
בבל,1982,1
בבל,1985,1
בבל,1992,1
בבל,1995,2
בבל,2001,1
בבל,2002,5
בבל,2003,1
בבל,2005,1
בבל,2006,1
בבל,2008,4
בבל,2011,1
בבל,2013,2
בבל,2014,1
בבל,2015,1
בבל,2017,2
בגדאד,0,12
בגדאד,1964,1
בגדאד,1966,3
בגדאד,1967,2
בגדאד,1968,1
בגדאד,1970,2
בגדאד,1971,2
בגדאד,1984,1
בגדאד,1989,3
בגדאד,1991,1
בגדאד,1992,1
בגדאד,1997,2
בגדאד,2000,4
בגדאד,2017,1
בואנוס איירס,0,1
בואנוס איירס,2016,2
בואנוס איירס,2018,1
בוגוטה,0,1
בודפשט,2010,2
בוכרה,0,1
בוכרה,1955,1
בולגריה,0,2
בוליביה,1980,1
בוליביה,1983,1
בוליביה,1993,1
בוליביה,2008,1
בון,0,9
בון,1962,1
בון,1971,1
בון,1988,1
בון,1989,1
בון,2000,3
בון,2003,2
בון,2008,1
בון,2010,2
בון,2015,1
בון,2016,1
בוסטון,0,2
בוסטון,1983,2
בוסטון,1985,2
בוסטון,1998,1
בוסטון,2000,1
בוסניה,2003,1
בוקרשט,0,3
בוקרשט,2003,2
בוקרשט,2015,1
בייג'ינג,2012,1
בייג'ינג,2014,1
בירות,0,2
בירות,1970,2
בירות,1977,2
בירות,1987,1
בירות,1992,1
בירות,1997,1
בירות,1998,1
בירות,2004,1
בירות,2005,1
בירות,2008,1
בירות,2016,1
בירות,2017,1
בירקנאו,0,3
בית אלפא,1999,1
בית דגן,0,1
בית דגן,2000,1
בית דגן,2004,1
בית דגן,2017,1
בית זית,0,1
בית זית,2016,1
בית ינאי,0,1
בית לחם,0,21
בית לחם,1967,3
בית לחם,1968,2
בית לחם,1969,1
בית לחם,1971,1
בית לחם,1973,1
בית לחם,1975,1
בית לחם,1984,1
בית לחם,1987,2
בית לחם,1993,1
בית לחם,2000,2
בית לחם,2001,1
בית לחם,2004,1
בית לחם,2005,1
בית לחם,2010,1
בית לחם,2015,1
בית לחם,2017,1
בית שמש,0,2
בית שמש,1991,1
בית שמש,2006,1
בית שמש,2007,1
בית שערים,0,1
בלגיה,2011,1
בלומפילד,0,5
בלומפילד,1964,1
בלומפילד,1967,1
בלומפילד,1969,1
בנגקוק,0,14
בנגקוק,1994,1
בנגקוק,1999,2
בנגקוק,2009,1
בנגקוק,2010,1
בנגקוק,2013,1
בנגקוק,2015,3
בנגקוק,2016,2
בנגקוק,2017,1
בנימינה,0,6
בנימינה,1975,2
בנימינה,1983,1
בנימינה,1987,2
בנימינה,2000,1
בנימינה,2001,1
בנימינה,2003,1
בנימינה,2008,2
בנימינה,2012,1
בנימינה,2017,2
בצרה,0,1
בצרה,2007,3
בקעה,1978,1
ברוקלין,0,8
ברוקלין,1968,1
ברוקלין,1992,1
ברוקלין,1995,1
ברוקלין,2004,1
ברוקלין,2007,3
ברוקלין,2009,1
ברוקלין,2017,1
ברזיל,0,22
ברזיל,1962,1
ברזיל,1971,1
ברזיל,1974,1
ברזיל,1978,1
ברזיל,1980,1
ברזיל,1983,2
ברזיל,1988,1
ברזיל,1990,1
ברזיל,1992,1
ברזיל,1993,2
ברזיל,1994,2
ברזיל,1995,2
ברזיל,1997,1
ברזיל,1999,2
ברזיל,2000,3
ברזיל,2001,1
ברזיל,2002,2
ברזיל,2004,2
ברזיל,2005,1
ברזיל,2008,2
ברזיל,2009,1
ברזיל,2012,1
ברזיל,2013,2
ברזיליה,0,1
ברזיליה,1991,1
ברזיליה,2010,1
בריטניה,0,7
בריטניה,1965,1
בריטניה,1970,1
בריטניה,1992,1
בריטניה,2004,2
בריטניה,2015,1
בריסל,0,7
בריסל,1968,1
בריסל,1992,1
בריסל,2000,1
בריסל,2007,1
בריסל,2018,1
ברלין,0,12
ברלין,1988,1
ברלין,1989,3
ברלין,1990,2
ברלין,1991,3
ברלין,1998,1
ברלין,2000,1
ברלין,2007,3
ברלין,2008,2
ברלין,2010,1
ברלין,2012,2
ברלין,2014,2
ברלין,2015,2
ברלין,2016,1
ברלין,2017,3
ברמודה,0,1
ברמודה,1988,1
ברמודה,2015,2
ברצלונה,0,5
ברצלונה,1963,1
ברצלונה,1976,1
ברצלונה,1985,1
ברצלונה,1995,1
ברצלונה,1996,4
ברצלונה,1998,1
ברצלונה,2000,1
ברצלונה,2002,2
ברצלונה,2004,1
ברצלונה,2009,1
ברצלונה,2010,1
ברצלונה,2014,1
ברצלונה,2015,1
ברצלונה,2017,1
ברצלונה,2018,1
בת ים,0,22
בת ים,1974,1
בת ים,1980,1
בת ים,1982,1
בת ים,1986,1
בת ים,1991,3
בת ים,1992,2
בת ים,1997,2
בת ים,1998,1
בת ים,2000,1
בת ים,2002,1
בת ים,2003,1
בת ים,2004,1
בת ים,2005,1
בת ים,2007,1
בת ים,2009,1
בת ים,2014,1
בת ים,2015,2
בת ים,2016,5
בת ים,2017,1
ג'בליה,1978,1
ג'ורג'יה,0,1
ג'יבוטי,1950,1
ג'יבוטי,1969,1
ג'יבוטי,1971,1
ג'לג'וליה,0,1
ג'לג'וליה,1994,1
ג'לג'וליה,2000,1
ג'נין,0,6
ג'נין,1960,1
ג'נין,1967,2
ג'נין,1982,1
ג'נין,1986,1
ג'נין,2002,1
ג'נין,2003,3
ג'נין,2007,3
ג'נין,2013,1
גאנה,1968,1
גבעתיים,0,22
גבעתיים,1969,1
גבעתיים,1973,2
גבעתיים,1977,1
גבעתיים,1978,3
גבעתיים,1991,3
גבעתיים,1992,1
גבעתיים,1994,1
גבעתיים,1997,1
גבעתיים,1999,2
גבעתיים,2000,2
גבעתיים,2003,1
גבעתיים,2005,1
גבעתיים,2008,2
גבעתיים,2009,4
גבעתיים,2010,1
גבעתיים,2011,3
גבעתיים,2015,3
גבעתיים,2017,2
גבעתיים,2018,1
גדרה,0,3
גדרה,1965,2
גדרה,1968,3
גדרה,1999,2
גדרה,2010,2
גואטמאלה,0,2
גואטמאלה,2001,1
גואטמאלה,2006,7
גולן,0,31
גולן,1950,1
גולן,1955,1
גולן,1956,1
גולן,1962,4
גולן,1964,1
גולן,1965,1
גולן,1967,8
גולן,1968,9
גולן,1969,3
גולן,1970,4
גולן,1971,1
גולן,1972,1
גולן,1974,1
גולן,1975,4
גולן,1977,2
גולן,1978,2
גולן,1985,1
גולן,1990,2
גולן,1991,2
גולן,1992,2
גולן,1994,1
גולן,1998,1
גולן,1999,1
גולן,2000,2
גולן,2001,1
גולן,2002,1
גולן,2003,1
גולן,2004,1
גולן,2005,1
גולן,2007,1
גולן,2008,1
גולן,2010,1
גולן,2011,1
גולן,2013,1
גולן,2015,6
גולן,2018,1
גומל,0,1
גומל,1990,4
גומל,2017,1
גוש חלב,1969,1
גוש חלב,2004,2
גוש עציון,1970,1
גוש עציון,2019,1
גוש קטיף,0,4
גזר,0,1
גלבוע,1973,1
גלגל,0,1
גלגל,1960,1
גליל,0,51
גליל,1934,1
גליל,1937,2
גליל,1947,3
גליל,1950,1
גליל,1951,4
גליל,1952,1
גליל,1954,1
גליל,1956,5
גליל,1957,2
גליל,1958,4
גליל,1959,2
גליל,1960,4
גליל,1961,1
גליל,1962,2
גליל,1963,1
גליל,1964,3
גליל,1965,3
גליל,1966,1
גליל,1967,3
גליל,1968,5
גליל,1969,2
גליל,1971,2
גליל,1972,4
גליל,1973,3
גליל,1974,2
גליל,1975,1
גליל,1976,2
גליל,1977,2
גליל,1979,3
גליל,1980,2
גליל,1981,2
גליל,1983,1
גליל,1984,1
גליל,1987,1
גליל,1988,1
גליל,1990,6
גליל,1992,3
גליל,1996,1
גליל,1997,2
גליל,1998,8
גליל,1999,1
גליל,2000,7
גליל,2001,3
גליל,2002,1
גליל,2003,1
גליל,2004,1
גליל,2005,1
גליל,2006,3
גליל,2007,3
גליל,2008,6
גליל,2010,6
גליל,2011,2
גליל,2013,2
גליל,2014,1
גליל,2015,3
גליל,2016,2
גליל,2018,1
גליל,2019,1
גן יבנה,0,1
גן יבנה,2016,1
גרוזיה,1969,2
גרוזיה,1999,2
גרמניה,0,8
גרמניה,2006,1
גרמניה,2010,1
גרמניה,2013,1
גת,0,4
גת,1950,1
גת,1952,2
גת,1970,2
גת,1986,1
גת,1994,1
גת,1997,1
גת,1998,1
דאלאס,1960,1
דאלאס,1981,2
דאלאס,1982,1
דאלאס,1986,1
דאלאס,1996,4
דבלין,0,2
דגניה,0,1
דילי,1975,1
דימונה,0,15
דימונה,1955,1
דימונה,1957,1
דימונה,1966,3
דימונה,1970,1
דימונה,1986,2
דימונה,1987,1
דימונה,1989,1
דימונה,1992,1
דימונה,1999,2
דימונה,2004,1
דימונה,2005,2
דימונה,2007,1
דימונה,2009,1
דימונה,2013,1
דימונה,2014,1
דימונה,2015,2
דלהי,0,1
דלהי,1992,2
דלהי,2007,1
דלהי,2011,2
דלוור,0,2
דמשק,0,22
דמשק,1955,1
דמשק,1964,1
דמשק,1967,7
דמשק,1968,2
דמשק,1969,1
דמשק,1970,1
דמשק,1971,2
דמשק,1972,1
דמשק,1973,2
דמשק,1980,2
דמשק,1985,1
דמשק,1988,1
דמשק,1999,2
דמשק,2000,3
דמשק,2003,1
דמשק,2004,1
דמשק,2010,2
דמשק,2015,1
דמשק,2017,2
דמשק,2018,1
דנוור,0,1
דרום אפריקה,0,1
האג,1987,1
האג,1998,1
הודו,0,60
הודו,1953,1
הודו,1968,1
הודו,1969,3
הודו,1970,1
הודו,1971,1
הודו,1975,1
הודו,1978,1
הודו,1979,1
הודו,1984,1
הודו,1986,2
הודו,1987,1
הודו,1988,1
הודו,1990,2
הודו,1992,6
הודו,1993,4
הודו,1994,1
הודו,1995,2
הודו,1997,1
הודו,1998,7
הודו,1999,3
הודו,2000,6
הודו,2001,5
הודו,2002,2
הודו,2003,3
הודו,2004,5
הודו,2006,3
הודו,2007,4
הודו,2008,3
הודו,2010,3
הודו,2011,2
הודו,2012,3
הודו,2015,4
הודו,2016,2
הודו,2017,3
הודו,2018,1
הודו,2019,2
הוואי,0,1
הוואי,1992,1
הוואי,2000,2
הוואנה,0,6
הוואנה,1949,1
הוואנה,1968,1
הוואנה,1984,1
הוואנה,2000,1
הוואנה,2006,2
הוואנה,2008,2
הוואנה,2010,1
הוואנה,2017,1
הוליווד,0,22
הוליווד,1967,1
הוליווד,1968,2
הוליווד,1979,1
הוליווד,1982,2
הוליווד,1990,1
הוליווד,2000,2
הוליווד,2001,1
הוליווד,2003,1
הוליווד,2005,1
הוליווד,2008,1
הוליווד,2009,1
הוליווד,2010,1
הוליווד,2016,1
הוליווד,2017,1
הולנד,0,11
הולנד,2011,1
הונג קונג,2006,1
הונג קונג,2010,1
הונגריה,0,3
הונגריה,1990,1
הונגריה,2000,1
הונגריה,2015,1
הונגריה,2016,1
הונדורס,0,1
הונדורס,1950,1
הונדורס,1969,1
הונדורס,1970,1
הונדורס,1971,1
הירקון,1968,1
הקוטב הצפוני,1977,1
הר הבית,0,2
הר נפתלי,0,2
הרצליה,0,26
הרצליה,1966,1
הרצליה,1967,1
הרצליה,1973,2
הרצליה,1974,2
הרצליה,1975,1
הרצליה,1981,2
הרצליה,1994,1
הרצליה,1998,2
הרצליה,2000,1
הרצליה,2003,3
הרצליה,2004,2
הרצליה,2005,2
הרצליה,2007,3
הרצליה,2008,1
הרצליה,2013,1
הרצליה,2015,2
הרצליה,2017,1
ואטיקאן,0,1
וויומינג,0,2
ויאטנם,1990,1
וייטנאם,0,3
וינה,0,11
וינה,1959,2
וינה,1987,1
וינה,1990,4
וינה,1998,1
וינה,2000,1
וינה,2014,1
וינה,2015,1
וינה,2017,1
ויקטוריה,0,6
ויקטוריה,1994,2
וירג'יניה,0,2
וירג'יניה,2006,1
ולטה,0,1
ולטה,1973,1
ונצואלה,1959,3
ונצואלה,1986,1
ונציה,0,2
ונציה,1964,1
ונציה,1966,2
ונציה,1969,1
ונציה,1972,1
ונציה,1975,1
ונציה,1992,2
ונציה,1993,1
ונציה,1998,1
ונציה,2004,1
ונציה,2005,1
ונציה,2014,1
ורסאי,0,4
ורסאי,1987,3
ורשה,0,6
ורשה,1958,2
ורשה,1970,1
ורשה,1984,1
ורשה,1988,1
ורשה,1991,1
ורשה,1992,1
ורשה,1993,1
ורשה,1995,1
ורשה,2003,1
ורשה,2012,1
ז'נבה,1958,1
ז'נבה,1963,2
ז'נבה,2000,2
ז'נבה,2006,1
זאיר,2010,1
זימבבואה,1998,1
זמביה,1983,1
זמביה,2011,1
חבל קטיף,0,1
חבל קטיף,1987,1
חברון,0,10
חברון,1956,1
חברון,1958,2
חברון,1960,1
חברון,1967,1
חברון,1968,1
חברון,1973,1
חברון,1988,1
חברון,1991,1
חברון,1992,2
חברון,1993,2
חברון,2000,2
חברון,2003,1
חברון,2004,1
חברון,2008,1
חברון,2009,1
חברון,2010,1
חברון,2011,2
חברון,2014,1
חברון,2015,1
חברון,2017,1
חבש,0,1
חדרה,0,15
חדרה,1958,1
חדרה,1965,2
חדרה,1966,1
חדרה,1968,3
חדרה,1989,1
חדרה,1992,1
חדרה,1999,2
חדרה,2004,1
חדרה,2006,1
חדרה,2007,1
חדרה,2008,2
חדרה,2010,1
חדרה,2011,1
חדרה,2015,3
חדרה,2017,1
חולון,0,18
חולון,1975,1
חולון,1981,2
חולון,1984,1
חולון,1986,1
חולון,1991,1
חולון,1993,1
חולון,1994,1
חולון,1996,1
חולון,1998,3
חולון,2000,4
חולון,2002,1
חולון,2009,2
חולון,2011,1
חולון,2013,2
חולון,2014,1
חולון,2017,1
חולון,2018,1
חיפה,0,80
חיפה,1957,1
חיפה,1958,3
חיפה,1959,1
חיפה,1960,1
חיפה,1961,1
חיפה,1962,1
חיפה,1963,3
חיפה,1964,2
חיפה,1965,3
חיפה,1967,2
חיפה,1968,4
חיפה,1969,1
חיפה,1970,1
חיפה,1971,3
חיפה,1973,1
חיפה,1975,2
חיפה,1976,1
חיפה,1979,2
חיפה,1981,4
חיפה,1982,3
חיפה,1985,1
חיפה,1986,1
חיפה,1988,5
חיפה,1990,1
חיפה,1991,2
חיפה,1992,3
חיפה,1994,1
חיפה,1996,1
חיפה,1997,3
חיפה,1998,2
חיפה,1999,2
חיפה,2000,14
חיפה,2001,3
חיפה,2002,4
חיפה,2003,3
חיפה,2004,2
חיפה,2005,3
חיפה,2006,1
חיפה,2007,4
חיפה,2008,4
חיפה,2009,1
חיפה,2011,2
חיפה,2012,1
חיפה,2013,1
חיפה,2014,1
חיפה,2015,3
חיפה,2016,2
חיפה,2017,3
חיפה,2019,1
חצור,1967,1
חצור,1973,1
חצור,1987,1
חצור,2008,1
חרמון,0,35
חרמון,1948,1
חרמון,1956,1
חרמון,1957,1
חרמון,1960,5
חרמון,1961,2
חרמון,1962,2
חרמון,1967,9
חרמון,1968,6
חרמון,1969,2
חרמון,1970,4
חרמון,1971,1
חרמון,1972,3
חרמון,1973,3
חרמון,1974,4
חרמון,1976,1
חרמון,1978,1
חרמון,1987,1
חרמון,1989,1
חרמון,1990,2
חרמון,1991,1
חרמון,1994,2
חרמון,1996,1
חרמון,1999,1
חרמון,2000,5
חרמון,2001,2
חרמון,2003,1
חרמון,2004,2
חרמון,2006,2
חרמון,2008,2
חרמון,2012,1
חרמון,2013,1
חרמון,2015,1
טאבה,0,2
טבריה,0,30
טבריה,1954,1
טבריה,1964,1
טבריה,1965,2
טבריה,1966,1
טבריה,1967,3
טבריה,1968,4
טבריה,1971,1
טבריה,1976,1
טבריה,1979,3
טבריה,1983,1
טבריה,1987,2
טבריה,1991,1
טבריה,1992,1
טבריה,1993,2
טבריה,1997,1
טבריה,1998,2
טבריה,2000,4
טבריה,2001,2
טבריה,2002,1
טבריה,2005,1
טבריה,2007,2
טבריה,2010,1
טבריה,2015,1
טבריה,2018,3
טהראן,0,1
טהראן,1990,1
טהראן,2012,1
טול כרם,0,2
טוקיו,0,5
טוקיו,1968,3
טוקיו,1974,1
טוקיו,1975,1
טוקיו,1978,1
טוקיו,1985,2
טוקיו,1987,1
טוקיו,1991,2
טוקיו,1993,1
טוקיו,2000,1
טוקיו,2007,1
טוקיו,2011,2
טוקיו,2015,2
טוקיו,2018,1
טורקיה,0,12
טורקיה,1967,1
טורקיה,1995,1
טורקיה,1998,1
טיוואן,0,3
טירה,1971,2
טירה,1983,1
טירה,1991,1
טירה,2003,1
טנזניה,1950,1
טנזניה,1969,1
טנזניה,1971,1
טנזניה,1998,1
טנסי,0,1
טנסי,2008,1
טנסי,2014,1
טקסס,0,3
טקסס,1990,2
טקסס,1992,1
טקסס,1996,1
טקסס,2007,2
טקסס,2019,1
טרבלינקה,0,2
טרבלינקה,1984,1
טרבלינקה,1988,1
טרבלינקה,1993,1
יבנה,0,26
יבנה,1955,1
יבנה,1960,3
יבנה,1980,1
יבנה,1994,2
יבנה,1995,2
יבנה,1997,4
יבנה,2000,1
יבנה,2002,1
יבנה,2007,10
יגור,0,2
יגור,1962,2
יגור,1990,2
יהוד,0,3
יהודה,2007,1
יוגוסלוויה,1968,1
יוגוסלוויה,1979,2
יוון,0,38
יוון,1949,1
יוון,1950,1
יוון,1951,1
יוון,1959,4
יוון,1965,1
יוון,1970,2
יוון,1971,1
יוון,1978,1
יוון,1987,1
יוון,1988,1
יוון,1991,1
יוון,1992,3
יוון,1993,2
יוון,1995,1
יוון,1997,2
יוון,1998,2
יוון,1999,1
יוון,2000,4
יוון,2003,3
יוון,2004,2
יוון,2005,1
יוון,2007,1
יוון,2008,1
יוון,2010,3
יוון,2011,2
יוון,2012,1
יוון,2014,1
יוון,2015,3
יוון,2016,3
יוון,2017,3
יוטבתה,0,1
יוטבתה,2002,1
יוטה,0,1
יוסטון,0,3
יוסטון,2013,1
יוסטון,2016,2
יטבתה,0,1
יטבתה,2002,1
ים המלח,1956,1
ים המלח,1977,1
ים המלח,2000,2
ים המלח,2015,1
יפאן,0,2
יפאן,2000,1
יפאן,2012,1
יפו,0,83
יפו,1949,1
יפו,1958,3
יפו,1959,6
יפו,1960,2
יפו,1961,2
יפו,1963,2
יפו,1965,2
יפו,1966,5
יפו,1967,3
יפו,1968,4
יפו,1969,1
יפו,1970,2
יפו,1971,3
יפו,1974,1
יפו,1975,4
יפו,1977,3
יפו,1978,2
יפו,1980,1
יפו,1981,3
יפו,1982,2
יפו,1984,1
יפו,1985,1
יפו,1987,1
יפו,1988,3
יפו,1989,2
יפו,1990,2
יפו,1991,2
יפו,1992,2
יפו,1993,5
יפו,1994,4
יפו,1996,2
יפו,1997,1
יפו,1998,1
יפו,1999,3
יפו,2000,7
יפו,2001,4
יפו,2003,5
יפו,2005,1
יפו,2006,1
יפו,2007,3
יפו,2008,3
יפו,2009,2
יפו,2010,3
יפו,2011,1
יפו,2012,2
יפו,2013,5
יפו,2014,1
יפו,2015,10
יפו,2016,4
יפו,2017,2
יפו,2018,1
יפן,0,38
יפן,1949,1
יפן,1950,1
יפן,1951,1
יפן,1954,1
יפן,1968,3
יפן,1973,1
יפן,1975,5
יפן,1981,3
יפן,1985,1
יפן,1986,1
יפן,1992,1
יפן,1993,1
יפן,1995,2
יפן,1998,3
יפן,2000,5
יפן,2001,4
יפן,2002,1
יפן,2003,2
יפן,2004,2
יפן,2006,1
יפן,2007,4
יפן,2008,2
יפן,2009,1
יפן,2010,1
יפן,2011,1
יפן,2012,1
ירדן,0,71
ירדן,1947,2
ירדן,1950,2
ירדן,1955,1
ירדן,1957,1
ירדן,1959,1
ירדן,1960,1
ירדן,1961,1
ירדן,1962,5
ירדן,1963,2
ירדן,1964,1
ירדן,1965,1
ירדן,1967,11
ירדן,1968,6
ירדן,1969,8
ירדן,1970,7
ירדן,1971,8
ירדן,1972,7
ירדן,1973,7
ירדן,1974,2
ירדן,1975,5
ירדן,1976,5
ירדן,1977,4
ירדן,1978,2
ירדן,1980,1
ירדן,1981,3
ירדן,1982,1
ירדן,1983,1
ירדן,1986,1
ירדן,1987,1
ירדן,1990,1
ירדן,1992,1
ירדן,1993,1
ירדן,1994,1
ירדן,1996,2
ירדן,1997,1
ירדן,1998,8
ירדן,1999,3
ירדן,2000,10
ירדן,2001,1
ירדן,2002,1
ירדן,2003,4
ירדן,2004,2
ירדן,2005,2
ירדן,2006,3
ירדן,2007,1
ירדן,2008,3
ירדן,2010,4
ירדן,2011,6
ירדן,2012,4
ירדן,2013,2
ירדן,2016,1
ירדן,2018,1
ירוחם,0,2
ירוחם,1985,1
ירוחם,1988,3
ירוחם,1991,1
ירוחם,1994,2
ירוחם,1997,1
ירוחם,2000,1
ירוחם,2005,1
ירוחם,2007,1
ירוחם,2009,1
ירושלים,0,284
ירושלים,1,1
ירושלים,1934,1
ירושלים,1947,1
ירושלים,1948,1
ירושלים,1950,3
ירושלים,1952,2
ירושלים,1953,2
ירושלים,1954,2
ירושלים,1955,5
ירושלים,1956,4
ירושלים,1957,2
ירושלים,1958,5
ירושלים,1959,1
ירושלים,1960,11
ירושלים,1961,2
ירושלים,1962,4
ירושלים,1963,2
ירושלים,1964,2
ירושלים,1965,3
ירושלים,1966,6
ירושלים,1967,28
ירושלים,1968,22
ירושלים,1969,18
ירושלים,1970,17
ירושלים,1971,8
ירושלים,1972,10
ירושלים,1973,25
ירושלים,1974,11
ירושלים,1975,14
ירושלים,1976,8
ירושלים,1977,5
ירושלים,1978,9
ירושלים,1979,2
ירושלים,1980,2
ירושלים,1981,4
ירושלים,1982,4
ירושלים,1983,3
ירושלים,1984,1
ירושלים,1985,3
ירושלים,1986,1
ירושלים,1987,2
ירושלים,1988,4
ירושלים,1990,4
ירושלים,1991,7
ירושלים,1992,13
ירושלים,1993,3
ירושלים,1994,3
ירושלים,1995,3
ירושלים,1996,4
ירושלים,1997,7
ירושלים,1998,15
ירושלים,1999,18
ירושלים,2000,31
ירושלים,2001,7
ירושלים,2002,6
ירושלים,2003,18
ירושלים,2004,14
ירושלים,2005,3
ירושלים,2006,11
ירושלים,2007,7
ירושלים,2008,20
ירושלים,2009,7
ירושלים,2010,15
ירושלים,2011,5
ירושלים,2012,7
ירושלים,2013,9
ירושלים,2014,6
ירושלים,2015,21
ירושלים,2016,9
ירושלים,2017,8
ירושלים,2018,5
ירושלים,2019,2
יריחו,0,20
יריחו,1950,2
יריחו,1960,3
יריחו,1961,1
יריחו,1962,1
יריחו,1964,1
יריחו,1967,20
יריחו,1968,8
יריחו,1970,3
יריחו,1971,1
יריחו,1972,3
יריחו,1973,5
יריחו,1976,2
יריחו,1978,2
יריחו,1980,2
יריחו,1981,2
יריחו,1985,1
יריחו,1987,1
יריחו,1989,1
יריחו,1991,2
יריחו,1992,1
יריחו,1996,1
יריחו,1997,1
יריחו,1998,2
יריחו,1999,3
יריחו,2000,9
יריחו,2001,2
יריחו,2003,3
יריחו,2004,1
יריחו,2005,1
יריחו,2007,2
יריחו,2008,4
יריחו,2010,4
יריחו,2012,1
יריחו,2013,1
יריחו,2015,5
יריחו,2017,1
ירקון,0,23
ירקון,1960,1
ירקון,1965,1
ירקון,1966,1
ירקון,1968,2
ירקון,1975,1
ירקון,1976,1
ירקון,1978,3
ירקון,1980,2
ירקון,1988,1
ירקון,1989,5
ירקון,1991,3
ירקון,1996,1
ירקון,1998,1
ירקון,2000,3
ירקון,2004,1
ירקון,2005,2
ירקון,2006,1
ירקון,2008,3
ירקון,2009,1
ירקון,2010,2
ירקון,2012,1
ירקון,2015,1
ירקון,2018,1
כווית,0,2
כווית,1967,1
כווית,1969,1
כווית,1997,1
כווית,2003,1
כוכב יאיר,1997,1
כוכב יאיר,1998,1
כינרת,0,81
כינרת,1934,2
כינרת,1947,3
כינרת,1948,1
כינרת,1949,1
כינרת,1950,2
כינרת,1955,1
כינרת,1957,2
כינרת,1958,1
כינרת,1959,1
כינרת,1960,5
כינרת,1962,5
כינרת,1963,1
כינרת,1964,1
כינרת,1965,1
כינרת,1967,6
כינרת,1968,13
כינרת,1969,1
כינרת,1970,5
כינרת,1971,5
כינרת,1972,5
כינרת,1973,5
כינרת,1974,1
כינרת,1976,2
כינרת,1977,4
כינרת,1979,3
כינרת,1980,3
כינרת,1981,4
כינרת,1983,1
כינרת,1984,2
כינרת,1985,3
כינרת,1986,1
כינרת,1987,3
כינרת,1988,2
כינרת,1990,3
כינרת,1992,2
כינרת,1994,3
כינרת,1995,1
כינרת,1996,1
כינרת,1997,5
כינרת,1998,2
כינרת,1999,3
כינרת,2000,11
כינרת,2001,2
כינרת,2003,4
כינרת,2004,1
כינרת,2005,1
כינרת,2006,3
כינרת,2008,4
כינרת,2010,4
כינרת,2011,2
כינרת,2012,1
כינרת,2013,4
כינרת,2014,3
כינרת,2015,3
כינרת,2016,4
כינרת,2017,2
כינרת,2019,1
כלא השרון,2014,1
כלכותה,0,3
כלכותה,1950,1
כלכותה,1963,1
כלכותה,1969,1
כלכותה,1971,1
כפר סבא,0,8
כפר סבא,1959,1
כפר סבא,1960,2
כפר סבא,1962,1
כפר סבא,1963,1
כפר סבא,1964,1
כפר סבא,1965,1
כפר סבא,1966,1
כפר סבא,1973,1
כפר סבא,1975,2
כפר סבא,1980,2
כפר סבא,1983,1
כפר סבא,1985,1
כפר סבא,1994,1
כפר סבא,1996,1
כפר סבא,1999,2
כפר סבא,2000,2
כפר סבא,2003,9
כפר סבא,2005,1
כפר סבא,2007,1
כפר סבא,2008,1
כפר סבא,2009,1
כפר סבא,2010,2
כפר סבא,2015,1
כפר סבא,2016,1
כפר שמריהו,1973,1
כפר שמריהו,1991,1
כפר שמריהו,2003,3
כפר שמריהו,2013,1
כפר תבור,1966,1
כפר תבור,1972,1
כפר תבור,1995,1
כפר תבור,2000,1
כפר תבור,2008,1
כרכור,0,3
כרכור,1981,1
כרכור,1984,1
כרכור,2003,1
כרכור,2004,1
כרכור,2013,1
כרמיאל,0,14
כרמיאל,1960,1
כרמיאל,1973,1
כרמיאל,2015,1
כרמל,0,38
כרמל,1955,4
כרמל,1956,2
כרמל,1957,1
כרמל,1958,1
כרמל,1959,2
כרמל,1962,1
כרמל,1968,2
כרמל,1970,2
כרמל,1971,2
כרמל,1973,2
כרמל,1974,5
כרמל,1975,3
כרמל,1976,1
כרמל,1977,1
כרמל,1978,1
כרמל,1979,1
כרמל,1980,1
כרמל,1981,1
כרמל,1982,1
כרמל,1983,1
כרמל,1986,1
כרמל,1988,2
כרמל,1989,1
כרמל,1992,1
כרמל,1996,1
כרמל,1997,1
כרמל,1998,2
כרמל,2000,5
כרמל,2003,1
כרמל,2006,1
כרמל,2007,2
כרמל,2010,1
כרמל,2011,2
כרמל,2012,1
כרמל,2015,3
כרמל,2016,1
כרמל,2017,1
לבנון,0,24
לבנון,1941,1
לבנון,1953,2
לבנון,1955,1
לבנון,1957,1
לבנון,1959,1
לבנון,1960,1
לבנון,1964,3
לבנון,1967,1
לבנון,1981,1
לבנון,1985,1
לבנון,1986,6
לבנון,1988,1
לבנון,1990,1
לבנון,1996,1
לבנון,1998,3
לבנון,1999,2
לבנון,2000,4
לבנון,2001,2
לבנון,2002,2
לבנון,2003,4
לבנון,2004,1
לבנון,2009,1
לבנון,2011,3
לבנון,2012,2
לבנון,2013,1
לבנון,2017,2
להבים,1971,3
לואיזיאנה,0,1
לוב,1964,1
לוב,1983,1
לוב,1992,2
לוב,2011,1
לוד,0,14
לוד,1967,1
לוד,1969,1
לוד,1972,1
לוד,1973,1
לוד,1976,1
לוד,1992,1
לוד,1995,1
לוד,2000,2
לוד,2001,1
לוד,2004,1
לוד,2005,1
לוד,2008,1
לוד,2010,1
לוד,2013,1
לוד,2016,1
לוד,2017,2
לונדון,0,21
לונדון,1966,1
לונדון,1969,1
לונדון,1974,2
לונדון,1976,2
לונדון,1978,1
לונדון,1982,5
לונדון,1987,3
לונדון,1989,1
לונדון,1990,1
לונדון,1992,1
לונדון,1993,1
לונדון,1994,1
לונדון,1998,2
לונדון,2000,5
לונדון,2002,2
לונדון,2005,1
לונדון,2007,1
לונדון,2008,2
לונדון,2009,3
לונדון,2010,1
לונדון,2012,2
לונדון,2014,1
לונדון,2015,1
לונדון,2016,1
לונדון,2018,3
ליון,0,5
ליון,1994,1
ליון,1998,1
ליון,2000,1
ליון,2015,1
ליטא,0,2
ליטא,1957,1
ליטא,1962,1
ליטא,1965,1
ליטא,1968,1
ליטא,1976,2
ליטא,1992,1
ליטא,2000,1
ליטא,2003,1
ליטא,2015,1
ליסבון,0,1
ליסבון,2016,1
לכיש,0,2
לכיש,1956,1
לכיש,1957,1
לכיש,1958,2
לכיש,1960,1
לכיש,1967,1
לכיש,1973,1
לכיש,1974,1
לכיש,2004,1
לכיש,2008,1
לכיש,2010,1
מאדים,0,19
מאדים,1968,2
מאדים,1983,2
מאדים,1993,2
מאדים,1994,1
מאדים,1999,1
מאדים,2000,2
מאדים,2007,1
מאדים,2010,2
מאדים,2015,1
מאדים,2016,1
מאדים,2018,1
מבשרת ציון,2006,1
מבשרת ציון,2007,1
מדגסקר,1950,1
מדגסקר,1969,1
מדגסקר,1971,2
מדגסקר,2000,2
מדגסקר,2001,1
מדגסקר,2007,1
מדריד,0,5
מדריד,1966,2
מדריד,1987,1
מדריד,1993,2
מדריד,1998,1
מדריד,2000,1
מדריד,2007,1
מדריד,2011,2
מדריד,2015,2
מדריד,2017,1
מודיעין,0,4
מודיעין,1952,1
מודיעין,1956,2
מודיעין,1958,1
מודיעין,1960,1
מודיעין,1990,1
מודיעין,1992,2
מודיעין,2000,1
מוזמביק,1958,2
מוזמביק,1961,1
מוזמביק,2010,1
מונטה קרלו,0,1
מונטה קרלו,1999,1
מונטריאול,0,4
מונטריאול,2002,1
מונטריאול,2015,1
מוסקבה,0,19
מוסקבה,1967,1
מוסקבה,1973,2
מוסקבה,1975,4
מוסקבה,1991,1
מוסקבה,1992,2
מוסקבה,1995,2
מוסקבה,2000,1
מוסקבה,2010,1
מוסקבה,2012,1
מוסקבה,2015,1
מטולה,0,18
מטולה,1960,1
מטולה,1962,1
מטולה,1963,2
מטולה,1965,2
מטולה,1968,2
מטולה,1973,1
מטולה,1976,1
מטולה,1979,1
מטולה,1981,3
מטולה,1984,1
מטולה,1990,1
מטולה,1991,4
מטולה,1992,2
מטולה,1995,1
מטולה,1996,1
מטולה,1997,1
מטולה,1998,3
מטולה,2000,6
מטולה,2001,1
מטולה,2002,2
מטולה,2004,1
מטולה,2007,3
מטולה,2009,2
מטולה,2010,1
מטולה,2014,1
מיאמי,0,22
מיאמי,1990,1
מיאמי,1992,2
מיאמי,1995,1
מיאמי,2000,6
מיאמי,2002,2
מיאמי,2004,1
מיאמי,2009,1
מיאמי,2012,1
מיאמי,2014,1
מיאמי,2015,1
מיאמי,2016,1
מיאמי,2017,3
מילאנו,0,8
מילאנו,1997,2
מילאנו,2012,1
מילאנו,2015,1
מילאנו,2017,1
מילווקי,1997,1
מינכן,1998,1
מינסוטה,0,2
מינסק,0,1
מינסק,1966,2
מינסק,1968,1
מינסק,1992,2
מישיגן,0,3
מישיגן,1972,1
מישיגן,1983,1
מכה,0,3
מכה,1969,1
מכה,1997,1
מכה,2000,2
מכה,2001,1
מכה,2003,1
מכה,2015,1
מלזיה,0,1
מלזיה,1950,1
מלזיה,1969,1
מלזיה,1971,1
מלטה,0,3
מלטה,2001,1
מנהטן,0,11
מנהטן,1968,1
מנהטן,1980,1
מנהטן,1982,3
מנהטן,1990,2
מנהטן,1992,1
מנהטן,1998,1
מנהטן,2000,5
מנהטן,2002,2
מנהטן,2007,2
מנהטן,2011,1
מנהטן,2012,1
מנהטן,2013,1
מנהטן,2015,2
מנהטן,2016,1
מנחמיה,0,1
מנחמיה,2004,1
מנחמיה,2017,1
מסצוסטס,0,2
מצדה,1956,1
מצדה,2000,1
מצדה,2004,1
מצפה רמון,0,3
מצפה רמון,1968,1
מצפה רמון,2001,1
מצפה רמון,2016,2
מצפה רמון,2017,1
מצרים,0,16
מצרים,1961,1
מצרים,1964,1
מצרים,1967,3
מצרים,1968,1
מצרים,1969,5
מצרים,1973,1
מצרים,1981,2
מצרים,1985,2
מצרים,1990,2
מצרים,1996,2
מצרים,1997,1
מצרים,1998,1
מצרים,1999,1
מצרים,2000,1
מצרים,2004,1
מצרים,2005,3
מצרים,2012,2
מצרים,2014,1
מקסיקו,0,13
מקסיקו,1999,2
מקסיקו,2008,1
מקסיקו,2014,1
מקסיקו,2015,1
מקסיקו,2016,1
מקסיקו,2017,1
מרוקו,0,22
מרוקו,1960,2
מרוקו,1967,1
מרוקו,1982,2
מרוקו,1985,2
מרוקו,1988,1
מרוקו,1989,2
מרוקו,1992,1
מרוקו,1994,1
מרוקו,1997,2
מרוקו,1998,1
מרוקו,2000,1
מרוקו,2003,2
מרוקו,2004,2
מרוקו,2006,1
מרוקו,2007,1
מרוקו,2008,1
מרוקו,2011,1
מרוקו,2015,1
מרוקו,2016,2
נאפולי,1988,1
נגב,0,54
נגב,1934,1
נגב,1947,3
נגב,1949,2
נגב,1950,1
נגב,1952,2
נגב,1954,1
נגב,1955,4
נגב,1957,3
נגב,1958,7
נגב,1959,2
נגב,1960,9
נגב,1962,2
נגב,1963,3
נגב,1964,1
נגב,1965,1
נגב,1966,1
נגב,1967,3
נגב,1968,3
נגב,1969,2
נגב,1971,1
נגב,1972,2
נגב,1973,1
נגב,1974,2
נגב,1976,1
נגב,1977,4
נגב,1978,1
נגב,1979,1
נגב,1981,4
נגב,1985,1
נגב,1986,3
נגב,1987,1
נגב,1989,1
נגב,1990,7
נגב,1992,3
נגב,1994,2
נגב,1997,1
נגב,1998,3
נגב,2000,5
נגב,2002,1
נגב,2004,1
נגב,2006,1
נגב,2007,4
נגב,2008,1
נגב,2010,3
נגב,2012,1
נגב,2013,2
נגב,2014,2
נגב,2015,1
נגב,2016,3
נגב,2017,1
נגב,2018,1
נהלל,1999,1
נהריה,0,9
נהריה,1972,1
נהריה,1996,1
נהריה,1997,1
נהריה,2000,2
נהריה,2010,1
נורבגיה,0,3
נורבגיה,1967,2
נורבגיה,1968,1
נורבגיה,1971,1
נורבגיה,1992,3
נורבגיה,1993,1
נורבגיה,2000,2
נורבגיה,2008,1
נחל הירקון,2013,1
נחל שורק,1981,1
ניגריה,0,3
ניגריה,1997,1
ניגריה,2007,2
ניו ג'רזי,2011,1
ניו זילנד,0,1
ניו זילנד,2002,1
ניו זילנד,2006,2
ניו יורק,0,4
ניו יורק,2002,2
נילוס,0,9
נילוס,1968,1
נילוס,1971,1
נילוס,1975,2
נילוס,1979,2
נילוס,1985,3
נילוס,1988,1
נילוס,1990,2
נילוס,2007,1
נילוס,2010,2
נילוס,2015,1
ניצנים,0,2
ניקוסיה,1987,1
ניקוסיה,1998,1
נס ציונה,0,4
נס ציונה,1993,1
נס ציונה,2015,1
נפאל,0,6
נפאל,1971,4
נפאל,1988,2
נפאל,1999,2
נפאל,2000,2
נפאל,2004,2
נפאל,2005,1
נפאל,2014,1
נפאל,2017,1
נפאל,2019,1
נצרת,0,6
נצרת,1967,1
נצרת,1968,2
נצרת,1970,1
נצרת,1972,1
נצרת,1979,1
נצרת,1987,1
נצרת,1998,1
נצרת,2000,3
נצרת,2002,2
נצרת,2004,2
נשר,0,3
נשר,1952,2
נשר,1958,3
נשר,1993,2
נשר,2000,1
נשר,2016,2
נשר,2017,1
נתיבות,0,5
נתיבות,1955,2
נתיבות,1960,1
נתיבות,1964,1
נתיבות,1969,1
נתיבות,1970,1
נתיבות,1971,1
נתיבות,1975,1
נתיבות,1983,2
נתיבות,1998,6
נתיבות,2000,2
נתיבות,2004,2
נתיבות,2010,1
נתיבות,2013,1
נתיבות,2017,1
נתיבות,2018,1
נתניה,0,52
נתניה,1965,3
נתניה,1966,1
נתניה,1968,1
נתניה,1973,1
נתניה,1990,1
נתניה,1991,1
נתניה,1995,1
נתניה,1997,1
נתניה,2000,3
נתניה,2002,2
נתניה,2005,1
נתניה,2009,6
נתניה,2011,3
נתניה,2013,2
נתניה,2014,1
נתניה,2015,1
נתניה,2017,1
סביון,0,6
סביון,1970,1
סביון,1994,1
סביון,2000,1
סביון,2001,1
סביון,2014,1
סביון,2017,1
סביון,2018,1
סדום,0,33
סדום,1955,1
סדום,1957,1
סדום,1964,2
סדום,1965,1
סדום,1966,5
סדום,1967,1
סדום,1968,2
סדום,1969,3
סדום,1970,2
סדום,1971,1
סדום,1972,1
סדום,1973,3
סדום,1974,1
סדום,1975,3
סדום,1977,2
סדום,1978,1
סדום,1979,2
סדום,1984,2
סדום,1989,2
סדום,1990,2
סדום,1991,2
סדום,1992,1
סדום,1993,2
סדום,1995,1
סדום,1996,1
סדום,1997,1
סדום,1998,4
סדום,2000,13
סדום,2001,1
סדום,2002,1
סדום,2004,3
סדום,2006,2
סדום,2008,2
סדום,2009,1
סדום,2012,1
סדום,2013,2
סדום,2015,2
סדום,2018,1
סובה,0,3
סובה,1982,1
סופיה,0,2
סוריה,0,9
סוריה,1966,3
סוריה,1967,1
סוריה,1980,1
סוריה,1999,2
סוריה,2011,2
סוריה,2014,1
סוריה,2017,1
סיאול,0,1
סיביר,0,9
סיביר,1969,2
סיביר,1970,2
סיביר,1973,2
סיביר,1979,1
סיביר,1992,1
סיביר,1995,1
סיביר,2005,2
סיביר,2010,1
סיביר,2012,1
סיביר,2017,1
סידני,0,4
סין,0,35
סין,1950,1
סין,1960,1
סין,1966,1
סין,1967,2
סין,1968,4
סין,1969,4
סין,1970,1
סין,1971,2
סין,1973,1
סין,1974,2
סין,1975,1
סין,1976,1
סין,1977,1
סין,1979,2
סין,1984,2
סין,1985,1
סין,1986,2
סין,1988,2
סין,1989,1
סין,1990,1
סין,1992,3
סין,1994,2
סין,1995,1
סין,1996,2
סין,1999,1
סין,2000,4
סין,2001,1
סין,2002,1
סין,2004,4
סין,2005,2
סין,2007,3
סין,2008,2
סין,2010,1
סין,2011,1
סין,2012,1
סין,2013,1
סין,2015,2
סין,2016,1
סין,2018,1
סינגפור,1991,1
סיני,0,28
סיני,1956,2
סיני,1959,1
סיני,1960,3
סיני,1967,7
סיני,1968,5
סיני,1969,2
סיני,1970,5
סיני,1972,2
סיני,1973,6
סיני,1975,3
סיני,1976,1
סיני,1979,2
סיני,1985,1
סיני,1991,3
סיני,1992,3
סיני,1998,1
סיני,1999,3
סיני,2000,2
סיני,2001,1
סיני,2004,1
סיני,2006,3
סיני,2007,1
סיני,2008,2
סיני,2009,2
סיני,2010,4
סיני,2011,1
סיני,2013,4
סיני,2016,1
סיני,2019,1
סיציליה,0,7
סיציליה,1967,2
סיציליה,1988,1
סיציליה,1991,1
סיציליה,2000,2
סלוניקי,0,4
סלוניקי,1967,1
סלוניקי,1968,1
סלוניקי,1971,1
סלוניקי,1995,1
סלוניקי,2003,2
סלוניקי,2016,1
סן פרנסיסקו,0,2
סן פרנסיסקו,1968,1
סן פרנסיסקו,1980,1
סן פרנסיסקו,1982,1
סן פרנסיסקו,1984,1
סן פרנסיסקו,2011,2
סן פרנסיסקו,2016,1
סנטיאגו,0,3
סנטיאגו,2001,2
סנטיאגו,2009,2
סעודיה,0,5
סעודיה,1989,2
סעודיה,1996,3
סעודיה,2004,1
ספרד,0,22
ספרד,1962,1
ספרד,1963,1
ספרד,1964,2
ספרד,1968,1
ספרד,1969,2
ספרד,1970,2
ספרד,1973,1
ספרד,1974,1
ספרד,1975,2
ספרד,1981,1
ספרד,1982,2
ספרד,1991,5
ספרד,1993,3
ספרד,1994,1
ספרד,1995,1
ספרד,1996,5
ספרד,1999,6
ספרד,2000,3
ספרד,2001,2
ספרד,2010,1
ספרד,2015,2
סקוטלנד,0,2
סקוטלנד,1967,1
סקוטלנד,1996,1
סקוטלנד,2015,1
סרי לנקה,0,1
סרי לנקה,1991,1
סרי לנקה,2010,1
עומן,1959,1
עומן,1978,1
עוספיא,0,2
עוספיא,2011,1
עזה,0,38
עזה,1948,2
עזה,1952,2
עזה,1957,1
עזה,1963,1
עזה,1966,1
עזה,1967,3
עזה,1968,4
עזה,1969,1
עזה,1970,1
עזה,1971,1
עזה,1972,1
עזה,1974,1
עזה,1980,1
עזה,1992,1
עזה,1993,1
עזה,1994,4
עזה,1995,2
עזה,1997,1
עזה,1998,2
עזה,1999,2
עזה,2000,1
עזה,2001,1
עזה,2003,1
עזה,2004,3
עזה,2005,1
עזה,2007,3
עזה,2008,3
עזה,2009,2
עזה,2011,1
עזה,2012,1
עזה,2013,1
עזה,2015,1
עזה,2016,1
עזה,2017,2
עזתה,0,1
עזתה,1969,1
עזתה,1992,1
עיראק,0,9
עיראק,1967,1
עיראק,2000,1
עיראק,2012,1
עכו,0,12
עכו,1948,2
עכו,1972,1
עכו,1980,1
עכו,1986,1
עכו,1987,1
עכו,1990,2
עכו,1997,1
עכו,1999,1
עכו,2000,10
עכו,2001,1
עכו,2003,2
עכו,2007,2
עכו,2008,1
עכו,2014,1
עמאן,0,1
עמאן,1970,2
עמאן,1997,1
עמאן,2004,1
עמון,0,3
עמון,1962,1
עמון,1969,1
עמון,1972,1
עמון,1994,1
עמון,1997,1
עמון,2000,2
עמון,2003,1
עמון,2007,2
עמנואל,0,1
עמנואל,1992,1
עמק דותן,1968,2
עמק דותן,1976,1
עמק חפר,0,2
עמק יזרעאל,0,12
עמק יזרעאל,1935,2
עמק יזרעאל,1962,1
עמק יזרעאל,1963,1
עמק יזרעאל,1972,1
עמק יזרעאל,1973,1
עמק יזרעאל,1975,2
עמק יזרעאל,1976,2
עמק יזרעאל,1982,r
עמק יזרעאל,1994,1
עמק יזרעאל,1997,1
עמק יזרעאל,1999,1
עמק יזרעאל,2003,1
עמק יזרעאל,2011,1
עמק יזרעאל,2014,1
עמק יזרעאל,2015,1
עפולה,0,28
עפולה,1962,3
עפולה,1963,2
עפולה,1965,4
עפולה,1966,1
עפולה,1967,3
עפולה,1968,1
עפולה,1970,1
עפולה,1971,2
עפולה,1975,2
עפולה,1976,1
עפולה,1979,1
עפולה,1984,1
עפולה,1990,1
עפולה,1993,1
עפולה,1994,1
עפולה,1996,2
עפולה,2000,2
עפולה,2006,1
עפולה,2007,1
עפולה,2010,1
עפולה,2015,2
ערבה,0,4
ערבה,1958,1
ערבה,1973,1
ערבה,1975,1
ערבה,1978,1
ערבה,1982,1
ערבה,2000,1
ערד,0,3
ערד,1967,1
ערד,1973,1
ערד,2008,1
ערד,2011,1
ערד,2015,1
עתלית,0,8
עתלית,1965,2
עתלית,1968,2
עתלית,1975,1
עתלית,1984,1
עתלית,2000,1
עתלית,2004,1
עתלית,2007,1
עתלית,2008,1
עתלית,2016,1
פארק הירקון,0,2
פארק הירקון,2002,2
פולין,0,13
פולין,1988,1
פולין,1994,1
פולין,2010,3
פולין,2012,1
פורטוגל,1971,1
פורטוגל,1996,1
פורטוגל,1998,1
פורטוגל,2000,2
פורטוגל,2007,1
פורטוגל,2008,2
פורטוגל,2009,1
פורטוגל,2017,1
פטרבורג,0,1
פטרבורג,1965,1
פטרבורג,2008,2
פיזה,1971,1
פיזה,2010,1
פילדלפיה,0,1
פילדלפיה,2002,3
פילדלפיה,2017,1
פיליפינים,2006,1
פיניקס,0,1
פיניקס,2016,1
פינלנד,0,3
פירנצה,1959,1
פירנצה,1962,1
פירנצה,1999,1
פלורידה,0,4
פלורידה,2005,1
פלורידה,2012,1
פלורנטין,0,2
פלורנטין,2017,1
פלסטינה,0,6
פלסטינה,1967,1
פלסטינה,1968,2
פלסטינה,1969,1
פלסטינה,1970,1
פלסטינה,1981,2
פלסטינה,1989,1
פלסטינה,1999,2
פלסטינה,2007,2
פלסטינה,2008,1
פנמה,0,1
פנמה,1958,2
פנמה,1961,1
פנמה,1968,1
פנמה,1969,1
פנמה,1970,2
פנמה,1982,1
פנמה,1984,1
פנמה,2011,1
פנמה,2012,1
פנסילבניה,0,2
פסוטה,0,1
פסוטה,1974,1
פקיסטן,0,1
פקיסטן,2012,1
פקיעין,0,2
פקיעין,1989,1
פראג,0,3
פראג,1970,1
פראג,1993,1
פראג,1996,1
פראג,2002,2
פראג,2003,1
פרגוואי,0,1
פרגוואי,1999,1
פרדסיה,0,1
פרדסיה,1966,1
פרדסיה,1970,1
פרדסיה,1999,2
פרו,0,6
פרו,1962,1
פרו,1968,1
פרו,2000,1
פריז,0,80
פריז,1950,1
פריז,1955,1
פריז,1958,2
פריז,1959,2
פריז,1962,6
פריז,1964,4
פריז,1965,1
פריז,1968,4
פריז,1969,3
פריז,1970,1
פריז,1971,3
פריז,1974,2
פריז,1977,2
פריז,1978,1
פריז,1979,2
פריז,1981,2
פריז,1982,1
פריז,1987,4
פריז,1988,3
פריז,1989,5
פריז,1991,4
פריז,1992,1
פריז,1993,3
פריז,1994,4
פריז,1995,1
פריז,1996,1
פריז,1997,3
פריז,1999,6
פריז,2000,8
פריז,2001,2
פריז,2002,3
פריז,2003,16
פריז,2004,2
פריז,2005,2
פריז,2006,3
פריז,2007,4
פריז,2008,8
פריז,2009,5
פריז,2010,4
פריז,2011,4
פריז,2012,2
פריז,2013,3
פריז,2014,3
פריז,2015,15
פריז,2016,6
פריז,2017,6
פריז,2018,1
פתח תקווה,0,8
פתח תקווה,1959,1
פתח תקווה,1960,1
פתח תקווה,1968,3
פתח תקווה,1973,1
פתח תקווה,1993,1
פתח תקווה,1995,1
פתח תקווה,2004,2
פתח תקווה,2006,1
פתח תקווה,2007,1
פתח תקווה,2015,2
צ'צ'ניה,0,2
צ'רנוביץ,0,2
צדק,0,1
צדק,2000,1
צדק,2017,1
צומת קסטינה,0,1
צומת קסטינה,2003,1
ציריך,0,1
ציריך,1997,1
ציריך,2005,1
ציריך,2006,1
ציריך,2008,1
ציריך,2014,1
צפת,0,24
צפת,1946,2
צפת,1961,2
צפת,1965,2
צפת,1969,1
צפת,1973,1
צפת,1981,3
צפת,1987,1
צפת,1992,2
צפת,2000,5
צפת,2006,1
צפת,2009,1
צפת,2017,1
צרפת,0,27
צרפת,1957,2
צרפת,1962,1
צרפת,1965,1
צרפת,1967,1
צרפת,1968,2
צרפת,1970,1
צרפת,1971,1
צרפת,1979,1
צרפת,1982,1
צרפת,1991,4
צרפת,1992,1
צרפת,1993,3
צרפת,1998,2
צרפת,2000,2
צרפת,2003,3
צרפת,2004,3
צרפת,2007,1
צרפת,2010,5
צרפת,2017,1
צרפת,2018,2
קאבול,0,1
קאבול,1988,1
קאבול,2010,1
קאן,0,4
קאן,1988,1
קאן,2019,1
קדומים,0,1
קדומים,1998,1
קדימה,0,2
קדימה,1965,2
קדימה,1977,1
קדימה,1978,1
קדימה,1990,1
קדימה,2007,1
קהיר,0,24
קהיר,1964,1
קהיר,1965,1
קהיר,1966,3
קהיר,1967,2
קהיר,1968,1
קהיר,1975,3
קהיר,1980,1
קהיר,1985,2
קהיר,1987,1
קהיר,1992,1
קהיר,1998,1
קהיר,2000,7
קהיר,2001,1
קהיר,2002,3
קהיר,2004,1
קהיר,2009,1
קהיר,2012,1
קהיר,2015,1
קהיר,2016,1
קהיר,2018,1
קואלה לומפור,2001,1
קובה,0,3
קובה,2000,1
קולומביה,0,5
קולומביה,2012,1
קולומביה,2017,1
קולורדו,0,2
קונגו,0,2
קונגו,1991,1
קופנהאגן,0,1
קופנהאגן,1991,1
קוריאה,0,4
קוריאה,1962,1
קוריאה,2005,1
קוריאה,2014,1
קטמון,0,1
קטמון,1957,1
קטמון,1967,1
קטמון,1968,1
קטמון,1969,2
קטמון,1979,2
קטמון,2016,1
קטמנדו,1988,2
קטמנדו,1998,3
קיטו,0,1
קיטו,2015,1
קייב,0,1
קייב,1973,1
קייב,1991,1
קייב,1995,2
קייב,2007,1
קייב,2009,1
קייב,2013,1
קייב,2015,1
קינגסטון,1960,1
קינגסטון,2005,1
קיסריה,0,7
קיסריה,1951,1
קיסריה,1958,1
קיסריה,1973,1
קיסריה,2005,2
קיסריה,2007,3
קיסריה,2017,2
קליפורניה,0,10
קליפורניה,1990,2
קליפורניה,1997,1
קליפורניה,2006,7
קליפורניה,2007,1
קליפורניה,2008,1
קליפורניה,2010,2
קליפורניה,2016,1
קליפורניה,2018,1
קלקיליה,0,2
קלקיליה,1991,4
קמבודיה,1950,1
קמבודיה,1969,1
קמבודיה,1971,1
קמרון,2003,2
קנדה,0,6
קנדה,1968,2
קנדה,1969,1
קנדה,1970,1
קנדה,1974,2
קנדה,1979,1
קנדה,2001,1
קנדה,2006,1
קנדה,2016,1
קנדה,2017,1
קנזס,0,1
קפריסין,0,6
קפריסין,1949,2
קפריסין,1967,1
קפריסין,1969,1
קפריסין,1979,1
קפריסין,1987,1
קפריסין,1988,1
קפריסין,2003,1
קפריסין,2016,1
קרוליינה,0,2
קריית שמונה,0,4
קריית שמונה,1975,1
קריית שמונה,1998,3
קרים,0,1
קרים,1980,1
קרים,1989,1
קרים,2012,1
קרמלין,0,1
קרקוב,0,1
קרקוב,2005,2
קשמיר,0,4
קשמיר,1969,1
קשמיר,1987,1
קשמיר,1991,3
קשמיר,1996,1
קשמיר,2000,1
קשמיר,2006,7
קשמיר,2014,1
קשמיר,2019,1
ראש פינה,1998,1
ראש פינה,2003,1
ראש פינה,2004,1
ראשון לציון,2006,1
ראשון לציון,2007,1
רהט,2012,1
רהט,2016,1
רוד איילנד,0,2
רומא,0,29
רומא,1950,1
רומא,1953,1
רומא,1971,5
רומא,1972,1
רומא,1975,1
רומא,1977,1
רומא,1979,1
רומא,1981,1
רומא,1982,2
רומא,1984,3
רומא,1985,2
רומא,1988,1
רומא,1992,1
רומא,1993,1
רומא,1995,2
רומא,1996,1
רומא,1997,1
רומא,1999,1
רומא,2000,4
רומא,2001,1
רומא,2003,2
רומא,2004,1
רומא,2005,1
רומא,2006,3
רומא,2007,1
רומא,2008,3
רומא,2010,2
רומא,2013,1
רומא,2015,9
רומא,2016,1
רומא,2018,2
רומא,2019,1
רוסיה,0,2
רחובות,0,7
רחובות,1968,3
רחובות,2009,1
ריו,0,3
ריו,1971,3
ריו,1982,3
ריו,1983,1
ריו,1990,1
ריו,1994,1
ריו,1999,2
ריו,2000,1
ריו,2001,1
ריו,2015,1
רמאללה,0,5
רמאללה,1969,2
רמאללה,1970,1
רמאללה,1973,1
רמאללה,1988,2
רמאללה,1998,1
רמאללה,2000,3
רמאללה,2002,2
רמאללה,2003,1
רמאללה,2005,3
רמאללה,2007,1
רמלה,0,14
רמלה,1959,1
רמלה,1979,2
רמלה,1992,1
רמלה,2000,2
רמלה,2004,1
רמלה,2005,1
רמלה,2011,1
רמלה,2013,1
רמלה,2014,1
רמלה,2016,2
רמלה,2017,3
רמת גן,0,8
רמת הגולן,1972,1
רמת השרון,0,2
רמת השרון,1998,1
רמת השרון,2006,1
רמת השרון,2007,1
רעננה,1965,1
רעננה,1972,1
רעננה,1977,1
רפיח,0,7
רפיח,1961,1
רפיח,1966,1
רפיח,1967,1
רפיח,1970,3
רפיח,1974,1
רפיח,1994,1
רפיח,1995,1
רפיח,2000,2
רפיח,2001,3
רפיח,2013,1
שבא,0,2
שבא,1950,1
שבא,1958,1
שבלי,1978,1
שבלי,1991,2
שדרות,0,5
שדרות,1975,2
שדרות,1994,2
שדרות,1998,5
שדרות,1999,1
שדרות,2004,1
שדרות,2006,2
שדרות,2008,1
שדרות,2013,3
שהם,0,1
שהם,1986,1
שוודיה,0,6
שוודיה,1984,2
שוודיה,1997,1
שוודיה,2000,1
שוודיה,2003,1
שוודיה,2011,1
שווייץ,0,4
שווייץ,1981,1
שווייץ,2000,3
שווייץ,2002,1
שווייץ,2017,1
שווייץ,2018,1
שוויץ,0,6
שוויץ,1994,1
שוויץ,1998,1
שוויץ,2002,2
שומרון,0,11
שומרון,1955,4
שומרון,1956,1
שומרון,1959,1
שומרון,1963,1
שומרון,1966,2
שומרון,1967,3
שומרון,1968,2
שומרון,1971,3
שומרון,1972,1
שומרון,1973,1
שומרון,1975,1
שומרון,1977,1
שומרון,1985,1
שומרון,1991,3
שומרון,1992,3
שומרון,2000,1
שומרון,2001,1
שומרון,2008,1
שומרון,2011,1
שומרון,2015,1
שיינקין,0,1
שיקאגו,0,2
שיקאגו,1986,1
שיקאגו,1990,2
שיקאגו,1994,1
שיקגו,0,3
שיקגו,1982,1
שכם,0,15
שכם,1952,1
שכם,1962,1
שכם,1966,1
שכם,1968,1
שכם,1970,2
שכם,2000,1
שכם,2001,1
שכם,2004,1
שכם,2005,1
שכם,2010,2
שכם,2012,1
שכם,2015,1
שנגחאי,0,3
שנגחאי,1994,1
שעריים,1955,2
שעריים,2009,2
שפלה,0,5
שפלה,2003,1
שפלה,2018,1
שרון,0,10
שרון,1950,1
שרון,1972,1
שרון,1977,1
שרון,1999,1
שרון,2000,1
שרון,2011,1
שרון,2015,1
שרון,2017,1
שרון,2018,1
תאילנד,0,9
תאילנד,1975,1
תאילנד,1989,1
תאילנד,1992,4
תאילנד,1996,1
תאילנד,2004,1
תאילנד,2005,1
תאילנד,2006,1
תאילנד,2009,3
תאילנד,2010,1
תאילנד,2011,1
תאילנד,2012,1
תאילנד,2014,2
תאילנד,2015,1
תאילנד,2016,1
תאילנד,2018,1
תוניס,0,7
תוניס,1967,1
תוניס,2000,2
תוניס,2001,1
תימן,0,33
תימן,1949,8
תימן,1958,2
תימן,1959,5
תימן,1960,1
תימן,1962,5
תימן,1966,2
תימן,1967,1
תימן,1968,2
תימן,1969,1
תימן,1972,2
תימן,1974,1
תימן,1975,1
תימן,1977,1
תימן,1978,1
תימן,1982,1
תימן,1986,2
תימן,1988,4
תימן,1992,4
תימן,1993,3
תימן,1994,1
תימן,1995,1
תימן,1996,1
תימן,1998,2
תימן,1999,3
תימן,2000,4
תימן,2001,3
תימן,2003,1
תימן,2004,1
תימן,2005,4
תימן,2006,1
תימן,2007,1
תימן,2008,1
תימן,2010,2
תימן,2012,1
תימן,2013,1
תימן,2015,1
תימן,2016,1
תימן,2017,1
תל אביב,0,376
תל אביב,1950,3
תל אביב,1954,1
תל אביב,1956,6
תל אביב,1957,2
תל אביב,1958,5
תל אביב,1959,10
תל אביב,1960,13
תל אביב,1961,1
תל אביב,1962,4
תל אביב,1964,5
תל אביב,1965,4
תל אביב,1966,4
תל אביב,1967,7
תל אביב,1968,13
תל אביב,1969,4
תל אביב,1970,1
תל אביב,1971,5
תל אביב,1972,4
תל אביב,1973,4
תל אביב,1974,6
תל אביב,1975,13
תל אביב,1976,3
תל אביב,1977,7
תל אביב,1978,4
תל אביב,1979,2
תל אביב,1980,3
תל אביב,1981,4
תל אביב,1982,10
תל אביב,1983,7
תל אביב,1984,5
תל אביב,1985,7
תל אביב,1986,7
תל אביב,1987,10
תל אביב,1988,15
תל אביב,1989,4
תל אביב,1990,6
תל אביב,1991,4
תל אביב,1992,10
תל אביב,1993,5
תל אביב,1994,9
תל אביב,1995,9
תל אביב,1996,7
תל אביב,1997,3
תל אביב,1998,23
תל אביב,1999,11
תל אביב,2000,25
תל אביב,2001,16
תל אביב,2002,14
תל אביב,2003,14
תל אביב,2004,14
תל אביב,2005,7
תל אביב,2006,27
תל אביב,2007,14
תל אביב,2008,19
תל אביב,2009,16
תל אביב,2010,13
תל אביב,2011,12
תל אביב,2012,3
תל אביב,2013,17
תל אביב,2014,11
תל אביב,2015,25
תל אביב,2016,28
תל אביב,2017,20
תל אביב,2018,5
תל אביב,2019,1
תל מונד,0,3
תל מונד,1965,2
תל מונד,1992,1
תקוע,0,1
תקוע,1974,2
